{
  "data_type": "simple",
  "baseline": {
    "train_nll_mean": 0.7803557874475207,
    "test_nll_mean": 0.820254199107488,
    "gap": 0.039898411659967326,
    "train_count": 700,
    "test_count": 300
  },
  "improved": {
    "train_nll_mean": 0.8337104679005487,
    "test_nll_mean": 0.8500088860591253,
    "gap": 0.016298418158576577,
    "train_count": 700,
    "test_count": 300
  },
  "improvement": {
    "gap_reduction": 0.023599993501390748,
    "percentage": 59.15020803966028
  }
}